model,ROC_AUC,F1
Logistic Regression,0.8474308300395257,0.7552447552447552
Random Forest,0.8306982872200265,0.75
